hospital_id,category_id
32,1
72,1
107,1
155,1
164,1
276,1
300,1
398,1
399,1
447,1
460,1
479,1
518,1
540,1
555,1
556,1
557,1
564,1
566,1
574,1
725,1
764,1
823,1
837,1
886,1
1049,1
1145,1
1174,1
1533,1
1678,1
1787,1
1871,1
1890,1
1943,1
1982,1
2131,1
2256,1
2332,1
2,2
7,2
19,2
21,2
32,2
36,2
43,2
59,2
60,2
68,2
72,2
80,2
107,2
109,2
121,2
148,2
155,2
160,2
164,2
166,2
194,2
199,2
212,2
213,2
229,2
233,2
244,2
311,2
317,2
340,2
350,2
358,2
395,2
437,2
446,2
464,2
481,2
557,2
563,2
564,2
567,2
574,2
591,2
622,2
627,2
640,2
645,2
674,2
692,2
695,2
696,2
701,2
725,2
787,2
811,2
823,2
844,2
847,2
855,2
871,2
890,2
894,2
909,2
910,2
914,2
916,2
917,2
944,2
959,2
974,2
1036,2
1052,2
1066,2
1069,2
1097,2
1108,2
1118,2
1126,2
1127,2
1145,2
1160,2
1169,2
1170,2
1174,2
1207,2
1532,2
1600,2
1602,2
1614,2
1633,2
1648,2
1670,2
1761,2
1765,2
1768,2
1806,2
1828,2
1832,2
1840,2
1842,2
1856,2
1863,2
1866,2
1867,2
1871,2
1876,2
1887,2
1892,2
1900,2
1908,2
1918,2
1923,2
1932,2
1949,2
1975,2
1982,2
1993,2
1995,2
2016,2
2022,2
2042,2
2049,2
2062,2
2064,2
2082,2
2100,2
2109,2
2125,2
2131,2
2151,2
2164,2
2167,2
2185,2
2190,2
2194,2
2198,2
2207,2
2246,2
2256,2
2279,2
2302,2
2321,2
2335,2
2340,2
2343,2
2355,2
2,3
5,3
7,3
8,3
19,3
31,3
32,3
36,3
40,3
43,3
59,3
60,3
64,3
68,3
72,3
80,3
86,3
89,3
92,3
107,3
109,3
110,3
115,3
120,3
121,3
127,3
134,3
145,3
148,3
152,3
155,3
158,3
160,3
161,3
162,3
163,3
164,3
166,3
167,3
176,3
179,3
194,3
199,3
207,3
212,3
213,3
216,3
229,3
237,3
243,3
244,3
259,3
275,3
276,3
288,3
293,3
300,3
301,3
302,3
303,3
305,3
311,3
317,3
326,3
340,3
345,3
357,3
358,3
376,3
395,3
417,3
420,3
428,3
430,3
437,3
439,3
445,3
446,3
447,3
452,3
457,3
458,3
460,3
461,3
462,3
464,3
471,3
480,3
481,3
490,3
497,3
517,3
522,3
527,3
533,3
540,3
556,3
557,3
563,3
564,3
567,3
587,3
588,3
591,3
601,3
602,3
604,3
606,3
614,3
619,3
622,3
625,3
1,3
633,3
652,3
666,3
669,3
673,3
695,3
696,3
701,3
708,3
725,3
740,3
749,3
754,3
760,3
764,3
787,3
793,3
796,3
797,3
799,3
806,3
811,3
813,3
823,3
824,3
828,3
836,3
837,3
844,3
847,3
855,3
857,3
871,3
890,3
894,3
895,3
899,3
900,3
902,3
903,3
907,3
908,3
909,3
910,3
914,3
915,3
916,3
917,3
932,3
934,3
939,3
954,3
959,3
961,3
974,3
977,3
1010,3
1029,3
1036,3
1040,3
1052,3
1057,3
1065,3
1066,3
1069,3
1070,3
1076,3
1086,3
1088,3
1097,3
1108,3
1118,3
1119,3
1126,3
1127,3
1145,3
1146,3
1148,3
1152,3
1154,3
1160,3
1162,3
1169,3
1170,3
1174,3
1180,3
1187,3
1189,3
1194,3
1200,3
1207,3
1211,3
1532,3
1533,3
1545,3
1551,3
1572,3
1573,3
1575,3
1600,3
1602,3
1610,3
1612,3
1614,3
1632,3
1633,3
1637,3
1642,3
1648,3
1653,3
1655,3
1657,3
1662,3
1668,3
1670,3
1761,3
1764,3
1765,3
1766,3
1768,3
1781,3
1787,3
1789,3
1790,3
1791,3
1806,3
1814,3
1824,3
1832,3
1839,3
1840,3
1842,3
1844,3
1854,3
1856,3
1863,3
1866,3
1867,3
1876,3
1878,3
1880,3
1891,3
1892,3
1894,3
1900,3
1903,3
1908,3
1915,3
1918,3
1921,3
1923,3
1926,3
1928,3
1932,3
1935,3
1938,3
1941,3
1946,3
1961,3
1962,3
1963,3
1971,3
1975,3
1977,3
1978,3
1980,3
1982,3
1985,3
1992,3
1993,3
1995,3
1996,3
2022,3
2042,3
2049,3
2051,3
2059,3
2062,3
2064,3
2066,3
2067,3
2073,3
2080,3
2082,3
2091,3
2100,3
2102,3
2125,3
2127,3
2128,3
2131,3
2138,3
2140,3
2146,3
2164,3
2167,3
2175,3
2185,3
2190,3
2194,3
2198,3
2201,3
2202,3
2203,3
2210,3
2234,3
2246,3
2251,3
2253,3
2254,3
2256,3
2279,3
2302,3
2310,3
2313,3
2321,3
2325,3
2330,3
2332,3
2335,3
2340,3
2343,3
2353,3
2355,3
11,4
23,4
31,4
32,4
36,4
44,4
52,4
53,4
54,4
67,4
72,4
86,4
91,4
92,4
93,4
95,4
102,4
107,4
110,4
122,4
131,4
132,4
145,4
159,4
160,4
164,4
166,4
167,4
188,4
199,4
206,4
209,4
212,4
213,4
222,4
243,4
244,4
259,4
261,4
266,4
267,4
274,4
276,4
279,4
293,4
298,4
299,4
300,4
301,4
306,4
307,4
311,4
318,4
332,4
340,4
358,4
360,4
368,4
387,4
394,4
398,4
400,4
401,4
403,4
404,4
407,4
430,4
446,4
447,4
449,4
450,4
460,4
462,4
481,4
490,4
515,4
517,4
518,4
519,4
520,4
525,4
528,4
536,4
539,4
540,4
543,4
545,4
549,4
550,4
554,4
555,4
556,4
557,4
562,4
563,4
564,4
566,4
567,4
572,4
576,4
596,4
619,4
625,4
626,4
645,4
652,4
658,4
661,4
666,4
676,4
701,4
702,4
718,4
721,4
725,4
726,4
732,4
747,4
751,4
754,4
764,4
786,4
791,4
805,4
811,4
817,4
823,4
837,4
855,4
871,4
880,4
888,4
890,4
902,4
906,4
910,4
944,4
948,4
949,4
958,4
959,4
890,4
987,4
1008,4
1011,4
1013,4
1022,4
1031,4
1040,4
1049,4
1057,4
1063,4
1074,4
1079,4
1081,4
1086,4
1089,4
1102,4
1108,4
1118,4
1119,4
1129,4
1140,4
1145,4
1146,4
1149,4
1154,4
1155,4
1158,4
1159,4
1162,4
1163,4
1169,4
1172,4
1174,4
1180,4
1186,4
1193,4
1205,4
1207,4
1213,4
1287,4
1512,4
1516,4
1531,4
1532,4
1533,4
1551,4
1576,4
1602,4
1606,4
1628,4
1634,4
1644,4
1648,4
1664,4
1669,4
1678,4
1689,4
1700,4
1761,4
1765,4
1768,4
1790,4
1806,4
1843,4
1844,4
1860,4
1864,4
1865,4
1869,4
1872,4
1876,4
1890,4
1896,4
1912,4
1928,4
1932,4
1935,4
1941,4
1943,4
1946,4
1949,4
1956,4
1961,4
1975,4
1982,4
1995,4
2003,4
2010,4
2014,4
2030,4
2067,4
2081,4
2091,4
2095,4
2112,4
2113,4
2126,4
2131,4
2134,4
2140,4
2143,4
2151,4
2161,4
2164,4
2167,4
2168,4
2178,4
2184,4
2192,4
2203,4
2204,4
2210,4
2230,4
2236,4
2241,4
2243,4
2247,4
2256,4
2262,4
2272,4
2298,4
2320,4
2321,4
2325,4
2339,4
32,5
164,5
276,5
420,5
437,5
446,5
447,5
543,5
552,5
554,5
556,5
557,5
564,5
566,5
567,5
725,5
764,5
1145,5
1982,5
2067,5
2256,5
2321,5
32,6
72,6
107,6
164,6
212,6
213,6
214,6
244,6
261,6
270,6
276,6
293,6
295,6
298,6
299,6
300,6
301,6
311,6
340,6
347,6
399,6
401,6
404,6
405,6
407,6
420,6
430,6
438,6
446,6
447,6
464,6
481,6
517,6
518,6
532,6
543,6
545,6
552,6
554,6
555,6
556,6
557,6
558,6
559,6
560,6
564,6
566,6
567,6
575,6
626,6
627,6
661,6
666,6
691,6
699,6
700,6
701,6
719,6
725,6
764,6
787,6
799,6
823,6
828,6
871,6
959,6
960,6
890,6
974,6
1049,6
1053,6
1057,6
1118,6
1143,6
1145,6
1149,6
1154,6
1160,6
1169,6
1174,6
1207,6
1222,6
1447,6
1602,6
1610,6
1669,6
1674,6
1734,6
1787,6
1803,6
1836,6
1843,6
1848,6
1876,6
1890,6
1917,6
1946,6
1977,6
1982,6
1995,6
1997,6
2000,6
2054,6
2066,6
2067,6
2085,6
2111,6
2127,6
2151,6
2164,6
2167,6
2169,6
2194,6
2207,6
2210,6
2234,6
2256,6
2274,6
2282,6
2321,6
2333,6
2340,6
2341,6
6,7
32,7
33,7
93,7
164,7
206,7
212,7
213,7
223,7
244,7
300,7
336,7
364,7
398,7
400,7
430,7
464,7
481,7
501,7
518,7
556,7
557,7
564,7
566,7
567,7
599,7
624,7
627,7
1,7
666,7
725,7
732,7
744,7
779,7
787,7
793,7
794,7
817,7
823,7
855,7
906,7
908,7
935,7
951,7
959,7
890,7
1057,7
1069,7
1145,7
1149,7
1287,7
1419,7
1697,7
1702,7
1717,7
1734,7
1787,7
1848,7
1922,7
1946,7
1948,7
1975,7
1982,7
2093,7
2112,7
2116,7
2132,7
2141,7
2151,7
2167,7
2184,7
2185,7
2201,7
2256,7
2321,7
2340,7
6,8
10,8
11,8
25,8
31,8
32,8
35,8
44,8
74,8
91,8
92,8
102,8
112,8
115,8
131,8
145,8
147,8
151,8
158,8
164,8
166,8
188,8
189,8
198,8
206,8
209,8
212,8
213,8
216,8
220,8
231,8
243,8
244,8
259,8
270,8
276,8
280,8
287,8
299,8
300,8
302,8
305,8
307,8
336,8
340,8
364,8
385,8
394,8
395,8
396,8
403,8
404,8
420,8
430,8
432,8
437,8
438,8
446,8
447,8
460,8
462,8
464,8
468,8
481,8
517,8
518,8
536,8
545,8
550,8
552,8
556,8
557,8
564,8
565,8
566,8
567,8
572,8
604,8
610,8
612,8
624,8
627,8
646,8
652,8
657,8
658,8
666,8
689,8
709,8
710,8
712,8
716,8
718,8
725,8
734,8
751,8
757,8
786,8
787,8
789,8
793,8
805,8
806,8
807,8
811,8
817,8
819,8
823,8
829,8
837,8
841,8
842,8
844,8
845,8
855,8
888,8
890,8
900,8
910,8
935,8
942,8
960,8
890,8
975,8
980,8
1013,8
1015,8
1031,8
1063,8
1069,8
1074,8
1076,8
1102,8
1127,8
1145,8
1146,8
1148,8
1149,8
1158,8
1160,8
1169,8
1174,8
1186,8
1209,8
1234,8
1265,8
1284,8
1316,8
1330,8
1483,8
1535,8
1536,8
1575,8
1602,8
1610,8
1627,8
1633,8
1634,8
1637,8
1648,8
1662,8
1669,8
1689,8
1691,8
1730,8
1764,8
1768,8
1778,8
1800,8
1806,8
1829,8
1844,8
1848,8
1861,8
1865,8
1890,8
1901,8
1903,8
1910,8
1913,8
1915,8
1921,8
1936,8
1946,8
1948,8
1955,8
1963,8
1977,8
1982,8
1988,8
1991,8
1995,8
1996,8
1997,8
2000,8
2001,8
2003,8
2012,8
2030,8
2047,8
2048,8
2053,8
2058,8
2080,8
2087,8
2089,8
2091,8
2093,8
2112,8
2113,8
2119,8
2127,8
2151,8
2154,8
2184,8
2198,8
2201,8
2203,8
2206,8
2210,8
2217,8
2218,8
2241,8
2242,8
2250,8
2254,8
2321,8
2324,8
2330,8
2332,8
2333,8
2339,8
2355,8
2357,8
2362,8
10,9
19,9
23,9
32,9
36,9
60,9
62,9
72,9
80,9
89,9
91,9
96,9
107,9
110,9
115,9
118,9
121,9
126,9
135,9
155,9
157,9
164,9
167,9
203,9
206,9
209,9
212,9
213,9
220,9
244,9
254,9
255,9
259,9
261,9
267,9
276,9
280,9
287,9
296,9
298,9
299,9
300,9
301,9
311,9
324,9
338,9
340,9
360,9
396,9
398,9
399,9
400,9
401,9
403,9
404,9
405,9
406,9
407,9
420,9
430,9
435,9
437,9
438,9
446,9
447,9
450,9
460,9
464,9
465,9
472,9
472,9
481,9
490,9
502,9
503,9
517,9
518,9
520,9
524,9
532,9
541,9
542,9
543,9
545,9
548,9
549,9
550,9
552,9
554,9
555,9
556,9
557,9
558,9
559,9
560,9
561,9
563,9
564,9
566,9
567,9
591,9
603,9
612,9
619,9
622,9
627,9
632,9
652,9
657,9
658,9
666,9
699,9
700,9
701,9
703,9
710,9
720,9
725,9
747,9
754,9
760,9
764,9
787,9
791,9
794,9
799,9
806,9
816,9
817,9
818,9
821,9
823,9
828,9
837,9
844,9
871,9
878,9
890,9
908,9
910,9
917,9
925,9
938,9
944,9
948,9
950,9
952,9
959,9
890,9
961,9
965,9
979,9
980,9
986,9
994,9
1002,9
1010,9
1022,9
1029,9
1047,9
1049,9
1057,9
1065,9
1069,9
1074,9
1075,9
1089,9
1118,9
1122,9
1135,9
1142,9
1145,9
1146,9
1149,9
1155,9
1159,9
1169,9
1172,9
1174,9
1186,9
1202,9
1205,9
1207,9
1229,9
1232,9
1244,9
1247,9
1251,9
1254,9
1255,9
1260,9
1264,9
1285,9
1287,9
1307,9
1315,9
1333,9
1351,9
1356,9
1367,9
1391,9
1399,9
1405,9
1406,9
1413,9
1419,9
1424,9
1426,9
1436,9
1445,9
1453,9
1462,9
1463,9
1473,9
1481,9
1518,9
1522,9
1533,9
1561,9
1562,9
1566,9
1570,9
1572,9
1573,9
1587,9
1602,9
1603,9
1610,9
1648,9
1662,9
1669,9
1671,9
1672,9
1673,9
1674,9
1675,9
1677,9
1678,9
1679,9
1681,9
1682,9
1683,9
1684,9
1688,9
1690,9
1691,9
1692,9
1694,9
1695,9
1697,9
1699,9
1701,9
1704,9
1707,9
1713,9
1715,9
1719,9
1723,9
1725,9
1726,9
1732,9
1734,9
1738,9
1743,9
1744,9
1745,9
1746,9
1747,9
1748,9
1752,9
1753,9
1755,9
1759,9
1768,9
1787,9
1789,9
1806,9
1820,9
1839,9
1842,9
1843,9
1848,9
1869,9
1876,9
1878,9
1890,9
1892,9
1910,9
1911,9
1912,9
1946,9
1960,9
1973,9
1975,9
1977,9
1982,9
1987,9
1989,9
1995,9
1997,9
1999,9
2012,9
2014,9
2039,9
2048,9
2049,9
2051,9
2054,9
2066,9
2067,9
2075,9
2086,9
2093,9
2111,9
2115,9
2116,9
2117,9
2118,9
2119,9
2124,9
2127,9
2128,9
2135,9
2140,9
2151,9
2164,9
2167,9
2178,9
2187,9
2190,9
2202,9
2206,9
2207,9
2210,9
2218,9
2221,9
2222,9
2256,9
2259,9
2267,9
2274,9
2281,9
2290,9
2310,9
2312,9
2321,9
2323,9
2332,9
2336,9
2339,9
2340,9
32,10
74,10
107,10
132,10
164,10
174,10
191,10
196,10
203,10
213,10
259,10
261,10
264,10
268,10
276,10
284,10
287,10
298,10
299,10
301,10
330,10
331,10
336,10
345,10
360,10
369,10
387,10
398,10
403,10
409,10
410,10
415,10
430,10
460,10
464,10
481,10
499,10
517,10
518,10
519,10
524,10
543,10
545,10
548,10
550,10
554,10
556,10
557,10
558,10
559,10
564,10
566,10
567,10
572,10
591,10
619,10
627,10
640,10
666,10
694,10
699,10
700,10
725,10
764,10
787,10
806,10
816,10
821,10
823,10
828,10
886,10
887,10
890,10
959,10
960,10
890,10
965,10
979,10
1000,10
1021,10
1024,10
1029,10
1030,10
1049,10
1145,10
1149,10
1156,10
1169,10
1212,10
1218,10
1222,10
1231,10
1236,10
1275,10
1293,10
1307,10
1308,10
1348,10
1355,10
1368,10
1370,10
1379,10
1392,10
1399,10
1408,10
1414,10
1467,10
1476,10
1499,10
1522,10
1528,10
1535,10
1562,10
1573,10
1574,10
1587,10
1599,10
1610,10
1647,10
1669,10
1672,10
1675,10
1677,10
1692,10
1693,10
1695,10
1697,10
1698,10
1700,10
1703,10
1706,10
1710,10
1713,10
1715,10
1717,10
1718,10
1720,10
1723,10
1728,10
1730,10
1731,10
1734,10
1736,10
1737,10
1747,10
1748,10
1752,10
1787,10
1843,10
1890,10
1903,10
1944,10
1946,10
1982,10
1995,10
1997,10
2045,10
2067,10
2079,10
2086,10
2093,10
2104,10
2106,10
2115,10
2117,10
2119,10
2151,10
2171,10
2190,10
2218,10
2256,10
2274,10
2280,10
2281,10
2282,10
2283,10
2285,10
2287,10
2288,10
2291,10
2292,10
2302,10
2307,10
2312,10
2321,10
2332,10
32,11
62,11
68,11
72,11
79,11
107,11
110,11
179,11
212,11
232,11
311,11
417,11
460,11
481,11
483,11
498,11
519,11
557,11
566,11
584,11
585,11
603,11
632,11
666,11
689,11
690,11
725,11
736,11
755,11
758,11
764,11
771,11
777,11
778,11
782,11
787,11
791,11
799,11
806,11
823,11
855,11
917,11
936,11
977,11
1031,11
1040,11
1046,11
1048,11
1062,11
1092,11
1093,11
1118,11
1145,11
1174,11
1207,11
1549,11
1602,11
1633,11
1663,11
1761,11
1763,11
1781,11
1832,11
1969,11
1973,11
1974,11
1982,11
2022,11
2042,11
2063,11
2066,11
2082,11
2101,11
2122,11
2127,11
2140,11
2151,11
2164,11
2184,11
2221,11
2233,11
2302,11
2328,11
2363,11
32,12
91,12
121,12
164,12
167,12
191,12
212,12
213,12
276,12
298,12
299,12
300,12
301,12
311,12
343,12
373,12
396,12
398,12
400,12
401,12
402,12
403,12
407,12
410,12
417,12
420,12
438,12
447,12
460,12
481,12
512,12
517,12
543,12
549,12
556,12
557,12
560,12
564,12
567,12
572,12
576,12
584,12
626,12
661,12
666,12
689,12
701,12
707,12
725,12
823,12
828,12
829,12
910,12
912,12
959,12
965,12
1040,12
1049,12
1075,12
1132,12
1149,12
1158,12
1207,12
1217,12
1227,12
1238,12
1239,12
1240,12
1268,12
1276,12
1287,12
1300,12
1306,12
1327,12
1330,12
1346,12
1347,12
1349,12
1371,12
1373,12
1382,12
1399,12
1401,12
1409,12
1424,12
1427,12
1459,12
1460,12
1479,12
1483,12
1536,12
1562,12
1566,12
1595,12
1662,12
1677,12
1678,12
1679,12
1680,12
1684,12
1689,12
1692,12
1695,12
1702,12
1709,12
1711,12
1715,12
1721,12
1724,12
1730,12
1733,12
1734,12
1735,12
1749,12
1755,12
1760,12
1838,12
1885,12
1890,12
1923,12
1949,12
1982,12
2054,12
2065,12
2115,12
2116,12
2118,12
2151,12
2167,12
2199,12
2256,12
2274,12
2281,12
2289,12
2321,12
2332,12
564,13
1982,13
2,14
7,14
19,14
32,14
59,14
62,14
68,14
72,14
80,14
89,14
96,14
107,14
110,14
121,14
155,14
158,14
164,14
176,14
179,14
212,14
213,14
216,14
257,14
259,14
275,14
276,14
288,14
293,14
340,14
358,14
395,14
437,14
446,14
464,14
480,14
481,14
533,14
534,14
557,14
566,14
567,14
572,14
591,14
614,14
622,14
627,14
632,14
633,14
645,14
701,14
708,14
710,14
725,14
764,14
787,14
823,14
836,14
847,14
857,14
871,14
875,14
899,14
909,14
910,14
916,14
932,14
950,14
959,14
961,14
1036,14
1065,14
1069,14
1082,14
1104,14
1118,14
1126,14
1145,14
1160,14
1170,14
1174,14
1207,14
1209,14
1211,14
1602,14
1614,14
1633,14
1657,14
1662,14
1761,14
1768,14
1790,14
1806,14
1807,14
1824,14
1828,14
1832,14
1876,14
1878,14
1892,14
1900,14
1908,14
1918,14
1923,14
1932,14
1935,14
1949,14
1982,14
1995,14
2042,14
2064,14
2073,14
2091,14
2093,14
2128,14
2131,14
2140,14
2146,14
2151,14
2164,14
2175,14
2185,14
2194,14
2234,14
2254,14
2275,14
2313,14
2321,14
2335,14
7,16
32,16
72,16
107,16
110,16
133,16
145,16
164,16
213,16
259,16
293,16
299,16
311,16
360,16
399,16
437,16
438,16
447,16
460,16
464,16
552,16
556,16
557,16
561,16
566,16
567,16
599,16
645,16
658,16
666,16
673,16
725,16
726,16
728,16
787,16
823,16
828,16
843,16
910,16
917,16
944,16
960,16
1040,16
1118,16
1145,16
1159,16
1174,16
1186,16
1207,16
1602,16
1606,16
1657,16
1807,16
1842,16
1876,16
1946,16
2117,16
2164,16
2167,16
2198,16
2322,16
2339,16
6,17
32,17
39,17
41,17
52,17
62,17
72,17
93,17
107,17
110,17
115,17
122,17
131,17
145,17
155,17
160,17
164,17
199,17
206,17
209,17
212,17
213,17
218,17
220,17
221,17
243,17
244,17
259,17
267,17
276,17
280,17
328,17
336,17
368,17
385,17
396,17
400,17
404,17
432,17
437,17
438,17
446,17
447,17
460,17
462,17
464,17
481,17
510,17
519,17
520,17
526,17
540,17
543,17
554,17
555,17
557,17
563,17
564,17
566,17
567,17
572,17
602,17
614,17
621,17
627,17
652,17
656,17
657,17
661,17
666,17
710,17
725,17
754,17
758,17
764,17
787,17
791,17
792,17
793,17
806,17
813,17
823,17
837,17
838,17
844,17
845,17
871,17
891,17
902,17
906,17
910,17
948,17
959,17
960,17
890,17
961,17
965,17
980,17
1013,17
1031,17
1034,17
1040,17
1057,17
1069,17
1075,17
1084,17
1118,17
1129,17
1145,17
1148,17
1149,17
1155,17
1169,17
1183,17
1186,17
1205,17
1207,17
1211,17
1533,17
1575,17
1602,17
1634,17
1637,17
1648,17
1678,17
1767,17
1768,17
1781,17
1787,17
1843,17
1844,17
1865,17
1876,17
1880,17
1890,17
1910,17
1915,17
1932,17
1935,17
1943,17
1946,17
1949,17
1955,17
1975,17
1982,17
1992,17
1995,17
2003,17
2012,17
2013,17
2030,17
2042,17
2048,17
2066,17
2095,17
2105,17
2112,17
2127,17
2128,17
2138,17
2140,17
2141,17
2151,17
2161,17
2164,17
2168,17
2172,17
2181,17
2183,17
2184,17
2185,17
2203,17
2210,17
2243,17
2256,17
2321,17
2322,17
2330,17
2333,17
2336,17
2339,17
2357,17
2363,17
2,18
21,18
32,18
59,18
62,18
68,18
72,18
79,18
80,18
89,18
107,18
110,18
145,18
160,18
164,18
179,18
186,18
199,18
200,18
202,18
212,18
232,18
235,18
258,18
268,18
269,18
311,18
340,18
362,18
396,18
401,18
437,18
438,18
441,18
460,18
483,18
498,18
519,18
520,18
527,18
533,18
556,18
557,18
566,18
583,18
584,18
585,18
591,18
603,18
605,18
614,18
622,18
632,18
639,18
666,18
680,18
689,18
690,18
701,18
710,18
725,18
733,18
735,18
736,18
755,18
758,18
764,18
771,18
777,18
778,18
782,18
787,18
791,18
794,18
799,18
806,18
813,18
823,18
836,18
852,18
855,18
903,18
917,18
918,18
919,18
936,18
945,18
948,18
890,18
977,18
987,18
992,18
1029,18
1031,18
1040,18
1046,18
1048,18
1052,18
1062,18
1065,18
1075,18
1077,18
1091,18
1092,18
1093,18
1118,18
1119,18
1131,18
1142,18
1145,18
1146,18
1172,18
1174,18
1202,18
1211,18
1533,18
1549,18
1573,18
1602,18
1633,18
1641,18
1663,18
1761,18
1763,18
1770,18
1781,18
1782,18
1806,18
1807,18
1824,18
1832,18
1848,18
1872,18
1880,18
1892,18
1915,18
1917,18
1947,18
1969,18
1970,18
1973,18
1974,18
1982,18
1993,18
1995,18
2007,18
2016,18
2022,18
2063,18
2066,18
2067,18
2082,18
2093,18
2094,18
2100,18
2101,18
2122,18
2127,18
2128,18
2131,18
2140,18
2146,18
2151,18
2164,18
2185,18
2217,18
2218,18
2221,18
2233,18
2236,18
2256,18
2262,18
2302,18
2335,18
2350,18
2362,18
2363,18
32,19
164,19
447,19
552,19
554,19
556,19
567,19
667,19
764,19
787,19
828,19
1207,19
1552,19
1553,19
1554,19
1555,19
1608,19
1659,19
1715,19
1982,19
2199,19
2321,19
6,20
14,20
15,20
31,20
32,20
41,20
44,20
55,20
60,20
68,20
74,20
91,20
101,20
102,20
106,20
107,20
110,20
114,20
121,20
126,20
129,20
131,20
132,20
135,20
144,20
155,20
164,20
167,20
170,20
180,20
186,20
188,20
189,20
191,20
193,20
201,20
206,20
212,20
213,20
219,20
220,20
222,20
226,20
227,20
234,20
236,20
244,20
249,20
250,20
251,20
253,20
255,20
259,20
268,20
276,20
289,20
290,20
292,20
298,20
299,20
301,20
305,20
311,20
315,20
319,20
322,20
329,20
331,20
340,20
343,20
345,20
352,20
353,20
359,20
369,20
372,20
373,20
379,20
384,20
385,20
392,20
393,20
399,20
401,20
407,20
410,20
420,20
432,20
436,20
437,20
438,20
441,20
442,20
446,20
447,20
460,20
463,20
464,20
468,20
481,20
482,20
486,20
487,20
495,20
496,20
501,20
507,20
509,20
510,20
517,20
520,20
523,20
543,20
549,20
550,20
554,20
555,20
556,20
557,20
558,20
560,20
562,20
564,20
566,20
567,20
568,20
572,20
578,20
593,20
610,20
614,20
619,20
621,20
625,20
626,20
627,20
630,20
634,20
645,20
648,20
650,20
657,20
661,20
666,20
669,20
673,20
701,20
725,20
726,20
729,20
730,20
731,20
733,20
739,20
741,20
742,20
751,20
754,20
756,20
757,20
761,20
763,20
764,20
768,20
770,20
786,20
787,20
789,20
821,20
823,20
827,20
828,20
829,20
837,20
849,20
862,20
864,20
865,20
871,20
879,20
891,20
892,20
902,20
910,20
911,20
920,20
939,20
944,20
949,20
950,20
954,20
958,20
960,20
962,20
967,20
968,20
970,20
993,20
1000,20
1007,20
1021,20
1026,20
1028,20
1040,20
1050,20
1058,20
1060,20
1061,20
1063,20
1064,20
1073,20
1075,20
1086,20
1097,20
1114,20
1118,20
1123,20
1132,20
1140,20
1145,20
1158,20
1169,20
1171,20
1173,20
1174,20
1179,20
1186,20
1187,20
1192,20
1205,20
1207,20
1247,20
1257,20
1393,20
1424,20
1508,20
1533,20
1536,20
1546,20
1572,20
1602,20
1619,20
1620,20
1624,20
1626,20
1633,20
1646,20
1650,20
1662,20
1665,20
1668,20
1669,20
1677,20
1678,20
1685,20
1689,20
1697,20
1702,20
1705,20
1706,20
1722,20
1726,20
1734,20
1739,20
1764,20
1775,20
1777,20
1781,20
1786,20
1787,20
1788,20
1799,20
1811,20
1824,20
1842,20
1843,20
1855,20
1862,20
1865,20
1871,20
1873,20
1881,20
1885,20
1890,20
1892,20
1910,20
1915,20
1923,20
1929,20
1932,20
1937,20
1941,20
1943,20
1945,20
1949,20
1950,20
1951,20
1952,20
1955,20
1965,20
1975,20
1981,20
1982,20
1991,20
1995,20
1997,20
2001,20
2008,20
2009,20
2014,20
2017,20
2019,20
2022,20
2024,20
2034,20
2042,20
2066,20
2067,20
2072,20
2083,20
2084,20
2086,20
2087,20
2088,20
2107,20
2111,20
2114,20
2147,20
2151,20
2154,20
2157,20
2164,20
2175,20
2180,20
2183,20
2184,20
2198,20
2210,20
2215,20
2221,20
2223,20
2227,20
2231,20
2232,20
2238,20
2239,20
2245,20
2247,20
2250,20
2253,20
2256,20
2262,20
2282,20
2283,20
2286,20
2288,20
2291,20
2294,20
2297,20
2300,20
2306,20
2309,20
2310,20
2311,20
2313,20
2314,20
2321,20
2322,20
2324,20
2326,20
2330,20
2331,20
2334,20
2336,20
2350,20
2354,20
1,21
2,21
3,21
7,21
11,21
20,21
23,21
24,21
25,21
31,21
32,21
39,21
43,21
44,21
53,21
57,21
59,21
60,21
62,21
64,21
68,21
69,21
72,21
73,21
75,21
80,21
82,21
84,21
89,21
90,21
91,21
92,21
93,21
95,21
99,21
102,21
107,21
108,21
109,21
115,21
116,21
121,21
122,21
123,21
124,21
126,21
131,21
133,21
135,21
136,21
138,21
139,21
140,21
143,21
145,21
155,21
156,21
158,21
160,21
161,21
164,21
165,21
166,21
167,21
168,21
176,21
179,21
182,21
188,21
197,21
198,21
199,21
206,21
210,21
212,21
213,21
214,21
222,21
237,21
239,21
243,21
244,21
247,21
259,21
261,21
270,21
273,21
274,21
276,21
282,21
285,21
286,21
288,21
292,21
293,21
298,21
299,21
300,21
301,21
303,21
305,21
311,21
312,21
317,21
318,21
324,21
326,21
329,21
332,21
336,21
338,21
340,21
341,21
345,21
356,21
358,21
376,21
377,21
382,21
383,21
385,21
391,21
394,21
395,21
396,21
398,21
400,21
401,21
403,21
404,21
405,21
406,21
407,21
413,21
419,21
420,21
428,21
430,21
432,21
437,21
438,21
440,21
441,21
443,21
445,21
446,21
447,21
457,21
460,21
462,21
464,21
466,21
480,21
481,21
488,21
490,21
501,21
502,21
504,21
509,21
510,21
512,21
517,21
520,21
522,21
525,21
526,21
527,21
532,21
533,21
534,21
540,21
544,21
547,21
548,21
549,21
551,21
554,21
555,21
556,21
557,21
558,21
559,21
560,21
561,21
563,21
564,21
566,21
567,21
568,21
572,21
573,21
576,21
577,21
582,21
591,21
594,21
595,21
597,21
599,21
602,21
606,21
607,21
609,21
610,21
614,21
619,21
622,21
624,21
625,21
626,21
627,21
630,21
1,21
638,21
640,21
645,21
646,21
652,21
656,21
659,21
661,21
662,21
665,21
666,21
668,21
669,21
670,21
671,21
673,21
681,21
684,21
688,21
692,21
701,21
702,21
708,21
710,21
715,21
723,21
724,21
725,21
733,21
737,21
738,21
739,21
745,21
746,21
747,21
749,21
763,21
764,21
766,21
781,21
786,21
787,21
791,21
792,21
793,21
799,21
806,21
809,21
810,21
811,21
812,21
813,21
814,21
819,21
822,21
823,21
824,21
825,21
826,21
828,21
829,21
832,21
833,21
835,21
836,21
837,21
838,21
842,21
844,21
846,21
847,21
855,21
857,21
861,21
863,21
865,21
866,21
871,21
873,21
875,21
882,21
894,21
895,21
899,21
900,21
901,21
902,21
903,21
906,21
908,21
910,21
915,21
916,21
917,21
919,21
924,21
925,21
932,21
934,21
939,21
944,21
949,21
950,21
951,21
952,21
953,21
954,21
958,21
959,21
960,21
890,21
961,21
969,21
974,21
980,21
982,21
987,21
990,21
991,21
995,21
1008,21
1013,21
1014,21
1020,21
1022,21
1025,21
1029,21
1030,21
1031,21
1033,21
1036,21
1040,21
1041,21
1042,21
1043,21
1049,21
1052,21
1057,21
1066,21
1069,21
1070,21
1071,21
1074,21
1075,21
1079,21
1081,21
1087,21
1088,21
1089,21
1097,21
1104,21
1106,21
1108,21
1118,21
1119,21
1125,21
1127,21
1128,21
1129,21
1133,21
1138,21
1145,21
1146,21
1148,21
1149,21
1150,21
1151,21
1152,21
1153,21
1157,21
1158,21
1160,21
1161,21
1162,21
1167,21
1169,21
1170,21
1172,21
1174,21
1177,21
1180,21
1183,21
1184,21
1187,21
1188,21
1192,21
1193,21
1196,21
1200,21
1207,21
1209,21
1211,21
1218,21
1223,21
1237,21
1253,21
1255,21
1264,21
1266,21
1267,21
1270,21
1274,21
1278,21
1285,21
1287,21
1297,21
1307,21
1324,21
1327,21
1332,21
1335,21
1340,21
1361,21
1363,21
1368,21
1369,21
1375,21
1380,21
1387,21
1389,21
1393,21
1398,21
1402,21
1408,21
1422,21
1425,21
1429,21
1437,21
1438,21
1446,21
1447,21
1455,21
1459,21
1467,21
1468,21
1498,21
1502,21
1506,21
1507,21
1515,21
1521,21
1523,21
1528,21
1532,21
1533,21
1538,21
1539,21
1551,21
1556,21
1573,21
1575,21
1592,21
1600,21
1602,21
1607,21
1610,21
1615,21
1618,21
1621,21
1626,21
1627,21
1629,21
1630,21
1631,21
1632,21
1633,21
1637,21
1645,21
1648,21
1651,21
1655,21
1659,21
1662,21
1669,21
1672,21
1674,21
1676,21
1677,21
1678,21
1684,21
1685,21
1686,21
1687,21
1689,21
1690,21
1692,21
1693,21
1697,21
1700,21
1707,21
1714,21
1721,21
1727,21
1730,21
1731,21
1733,21
1734,21
1736,21
1749,21
1751,21
1752,21
1754,21
1757,21
1758,21
1761,21
1762,21
1764,21
1766,21
1768,21
1769,21
1779,21
1781,21
1787,21
1789,21
1795,21
1796,21
1801,21
1804,21
1806,21
1807,21
1814,21
1823,21
1824,21
1828,21
1830,21
1832,21
1834,21
1835,21
1839,21
1840,21
1842,21
1843,21
1848,21
1860,21
1863,21
1864,21
1865,21
1866,21
1867,21
1873,21
1874,21
1876,21
1880,21
1882,21
1890,21
1891,21
1892,21
1893,21
1900,21
1901,21
1903,21
1904,21
1907,21
1910,21
1914,21
1915,21
1916,21
1917,21
1918,21
1921,21
1922,21
1923,21
1926,21
1928,21
1930,21
1932,21
1935,21
1938,21
1943,21
1944,21
1946,21
1948,21
1949,21
1952,21
1955,21
1959,21
1961,21
1962,21
1963,21
1964,21
1967,21
1970,21
1973,21
1975,21
1977,21
1978,21
1982,21
1985,21
1988,21
1991,21
1992,21
1993,21
1995,21
2000,21
2001,21
2003,21
2008,21
2012,21
2016,21
2017,21
2022,21
2025,21
2029,21
2034,21
2039,21
2042,21
2044,21
2048,21
2049,21
2054,21
2055,21
2056,21
2057,21
2058,21
2059,21
2060,21
2066,21
2067,21
2077,21
2080,21
2081,21
2082,21
2087,21
2089,21
2091,21
2093,21
2094,21
2097,21
2098,21
2100,21
2106,21
2111,21
2112,21
2114,21
2116,21
2117,21
2118,21
2119,21
2126,21
2127,21
2128,21
2129,21
2131,21
2132,21
2135,21
2138,21
2139,21
2140,21
2141,21
2146,21
2150,21
2151,21
2155,21
2157,21
2161,21
2164,21
2167,21
2168,21
2169,21
2170,21
2175,21
2176,21
2181,21
2183,21
2184,21
2185,21
2187,21
2195,21
2196,21
2198,21
2199,21
2200,21
2203,21
2207,21
2208,21
2210,21
2213,21
2218,21
2221,21
2226,21
2234,21
2240,21
2241,21
2243,21
2246,21
2247,21
2250,21
2251,21
2253,21
2255,21
2256,21
2257,21
2261,21
2262,21
2263,21
2270,21
2272,21
2274,21
2276,21
2278,21
2279,21
2283,21
2285,21
2297,21
2298,21
2302,21
2305,21
2310,21
2317,21
2320,21
2321,21
2322,21
2328,21
2330,21
2331,21
2332,21
2335,21
2339,21
2342,21
2343,21
2347,21
2349,21
2350,21
2353,21
2355,21
2360,21
2363,21
2365,21
1,22
11,22
23,22
32,22
39,22
53,22
91,22
95,22
107,22
121,22
131,22
134,22
135,22
155,22
158,22
159,22
164,22
167,22
185,22
199,22
212,22
213,22
243,22
259,22
261,22
262,22
264,22
276,22
279,22
288,22
293,22
298,22
299,22
300,22
315,22
336,22
385,22
395,22
396,22
398,22
405,22
420,22
437,22
438,22
446,22
447,22
460,22
462,22
464,22
480,22
481,22
510,22
517,22
526,22
534,22
540,22
550,22
552,22
554,22
555,22
556,22
557,22
558,22
564,22
566,22
567,22
572,22
576,22
577,22
599,22
610,22
624,22
1,22
645,22
652,22
657,22
658,22
661,22
666,22
701,22
725,22
754,22
764,22
768,22
787,22
806,22
817,22
823,22
824,22
828,22
844,22
871,22
890,22
906,22
910,22
915,22
959,22
890,22
973,22
979,22
981,22
996,22
1013,22
1022,22
1031,22
1040,22
1049,22
1057,22
1063,22
1069,22
1078,22
1089,22
1118,22
1127,22
1138,22
1145,22
1146,22
1148,22
1169,22
1174,22
1183,22
1186,22
1188,22
1207,22
1208,22
1533,22
1602,22
1633,22
1634,22
1664,22
1668,22
1669,22
1768,22
1781,22
1787,22
1829,22
1840,22
1842,22
1844,22
1858,22
1867,22
1871,22
1873,22
1882,22
1890,22
1910,22
1915,22
1946,22
1948,22
1963,22
1975,22
1980,22
1982,22
1995,22
1997,22
2003,22
2012,22
2030,22
2036,22
2042,22
2048,22
2058,22
2066,22
2087,22
1861,22
2091,22
2093,22
2097,22
2112,22
2132,22
2138,22
2140,22
2151,22
2161,22
2184,22
2185,22
2190,22
2201,22
2209,22
2210,22
2242,22
2256,22
2263,22
2321,22
7,23
19,23
27,23
32,23
39,23
63,23
64,23
67,23
72,23
89,23
93,23
107,23
110,23
122,23
126,23
128,23
131,23
133,23
134,23
145,23
155,23
159,23
160,23
164,23
167,23
177,23
195,23
212,23
213,23
217,23
218,23
230,23
242,23
257,23
260,23
262,23
274,23
275,23
276,23
293,23
298,23
309,23
315,23
340,23
368,23
381,23
394,23
396,23
399,23
430,23
437,23
438,23
439,23
446,23
447,23
452,23
455,23
459,23
460,23
464,23
480,23
481,23
494,23
497,23
499,23
509,23
517,23
522,23
535,23
540,23
550,23
552,23
556,23
557,23
558,23
563,23
564,23
566,23
567,23
574,23
591,23
595,23
599,23
602,23
622,23
625,23
627,23
1,23
645,23
652,23
658,23
660,23
661,23
666,23
671,23
673,23
677,23
691,23
701,23
710,23
717,23
722,23
725,23
728,23
734,23
745,23
747,23
749,23
750,23
759,23
764,23
779,23
787,23
789,23
793,23
799,23
806,23
811,23
821,23
823,23
828,23
837,23
843,23
844,23
852,23
871,23
890,23
899,23
902,23
903,23
910,23
917,23
943,23
944,23
947,23
952,23
959,23
890,23
965,23
973,23
974,23
987,23
1001,23
1008,23
1022,23
1026,23
1040,23
1049,23
1063,23
1066,23
1068,23
1069,23
1079,23
1086,23
1100,23
1105,23
1118,23
1125,23
1127,23
1136,23
1139,23
1145,23
1160,23
1172,23
1174,23
1176,23
1186,23
1207,23
1533,23
1535,23
1551,23
1573,23
1602,23
1606,23
1610,23
1612,23
1614,23
1616,23
1629,23
1633,23
1644,23
1648,23
1657,23
1662,23
1664,23
1667,23
1761,23
1764,23
1765,23
1768,23
1781,23
1789,23
1800,23
1809,23
1827,23
1842,23
1860,23
1869,23
1871,23
1876,23
1877,23
1878,23
1884,23
1890,23
1891,23
1894,23
1908,23
1910,23
1923,23
1931,23
1932,23
1948,23
1975,23
1980,23
1982,23
1991,23
1995,23
2012,23
2022,23
2036,23
2042,23
2044,23
2048,23
2050,23
2059,23
2066,23
1861,23
2091,23
2095,23
2132,23
2139,23
2151,23
2160,23
2161,23
2164,23
2167,23
2176,23
2178,23
2184,23
2185,23
2190,23
2197,23
2198,23
2207,23
2210,23
2214,23
2218,23
2234,23
2256,23
2262,23
2263,23
2298,23
2320,23
2321,23
2325,23
2335,23
2339,23
2351,23
2353,23
2355,23
2363,23
32,25
34,25
46,25
50,25
51,25
66,25
71,25
81,25
88,25
117,25
125,25
130,25
164,25
167,25
179,25
184,25
213,25
256,25
298,25
335,25
361,25
365,25
366,25
367,25
380,25
395,25
401,25
403,25
405,25
407,25
433,25
434,25
437,25
447,25
460,25
463,25
464,25
502,25
510,25
517,25
518,25
542,25
543,25
554,25
557,25
558,25
561,25
564,25
566,25
567,25
611,25
616,25
618,25
625,25
627,25
631,25
636,25
642,25
643,25
644,25
666,25
701,25
725,25
733,25
762,25
764,25
765,25
767,25
787,25
789,25
794,25
814,25
815,25
823,25
828,25
848,25
854,25
871,25
872,25
885,25
910,25
929,25
979,25
1018,25
1037,25
1044,25
1045,25
1049,25
1054,25
1057,25
1117,25
1149,25
1160,25
1207,25
1544,25
1602,25
1633,25
1649,25
1658,25
1695,25
1745,25
1771,25
1774,25
1817,25
1843,25
1848,25
1852,25
1868,25
1876,25
1888,25
1890,25
1897,25
1899,25
1905,25
1906,25
1918,25
1919,25
1975,25
1976,25
1982,25
1995,25
2005,25
2020,25
2032,25
2052,25
2066,25
2067,25
2071,25
2120,25
2145,25
2149,25
2156,25
2179,25
2189,25
2199,25
2205,25
2210,25
2225,25
2235,25
2256,25
2321,25
2346,25
4,26
7,26
9,26
12,26
13,26
16,26
18,26
22,26
23,26
25,26
28,26
30,26
32,26
39,26
42,26
45,26
47,26
49,26
53,26
59,26
61,26
62,26
70,26
72,26
83,26
86,26
91,26
94,26
95,26
100,26
105,26
107,26
108,26
115,26
118,26
121,26
122,26
126,26
128,26
131,26
132,26
133,26
134,26
135,26
137,26
145,26
149,26
150,26
151,26
154,26
155,26
157,26
158,26
159,26
160,26
164,26
167,26
171,26
173,26
177,26
178,26
186,26
197,26
201,26
205,26
208,26
212,26
213,26
214,26
217,26
224,26
230,26
236,26
240,26
241,26
242,26
243,26
244,26
246,26
257,26
259,26
261,26
262,26
266,26
267,26
270,26
274,26
276,26
277,26
279,26
289,26
293,26
294,26
298,26
299,26
301,26
304,26
311,26
315,26
316,26
317,26
321,26
323,26
324,26
326,26
327,26
336,26
338,26
340,26
342,26
345,26
348,26
349,26
351,26
360,26
368,26
370,26
373,26
374,26
377,26
378,26
386,26
388,26
389,26
390,26
392,26
394,26
396,26
397,26
398,26
399,26
400,26
401,26
403,26
404,26
405,26
407,26
408,26
414,26
418,26
419,26
420,26
421,26
424,26
427,26
429,26
430,26
431,26
432,26
437,26
438,26
441,26
443,26
444,26
446,26
447,26
452,26
455,26
459,26
460,26
461,26
464,26
465,26
467,26
470,26
472,26
472,26
481,26
484,26
485,26
489,26
492,26
497,26
499,26
501,26
502,26
503,26
504,26
506,26
508,26
510,26
511,26
512,26
514,26
517,26
520,26
521,26
522,26
524,26
525,26
526,26
529,26
530,26
531,26
534,26
535,26
536,26
537,26
538,26
540,26
542,26
543,26
544,26
545,26
548,26
550,26
552,26
554,26
555,26
556,26
557,26
558,26
560,26
561,26
564,26
566,26
567,26
568,26
569,26
573,26
574,26
575,26
576,26
577,26
580,26
591,26
595,26
599,26
600,26
602,26
607,26
610,26
614,26
615,26
619,26
620,26
621,26
624,26
625,26
626,26
627,26
630,26
1,26
645,26
646,26
652,26
653,26
655,26
657,26
658,26
661,26
663,26
664,26
666,26
671,26
672,26
673,26
675,26
676,26
679,26
682,26
685,26
693,26
698,26
699,26
700,26
701,26
702,26
703,26
705,26
706,26
710,26
713,26
715,26
722,26
725,26
726,26
728,26
737,26
739,26
745,26
746,26
747,26
749,26
753,26
754,26
757,26
759,26
760,26
764,26
768,26
769,26
772,26
775,26
776,26
779,26
780,26
787,26
788,26
790,26
792,26
793,26
795,26
799,26
801,26
802,26
806,26
808,26
819,26
820,26
821,26
822,26
823,26
824,26
828,26
829,26
830,26
832,26
834,26
836,26
837,26
839,26
843,26
844,26
845,26
849,26
851,26
857,26
860,26
866,26
869,26
871,26
877,26
881,26
882,26
890,26
897,26
899,26
900,26
903,26
905,26
908,26
910,26
915,26
917,26
921,26
922,26
923,26
926,26
931,26
937,26
939,26
943,26
944,26
948,26
950,26
954,26
957,26
958,26
959,26
960,26
890,26
962,26
964,26
965,26
970,26
973,26
974,26
980,26
983,26
984,26
985,26
993,26
994,26
997,26
999,26
1001,26
1002,26
1003,26
1006,26
1008,26
1010,26
1021,26
1022,26
1026,26
1029,26
1030,26
1031,26
1035,26
1038,26
1040,26
1049,26
1051,26
1057,26
1059,26
1063,26
1068,26
1069,26
1070,26
1073,26
1075,26
1079,26
1080,26
1081,26
1089,26
1090,26
1094,26
1096,26
1097,26
1098,26
1105,26
1109,26
1112,26
1113,26
1115,26
1118,26
1121,26
1122,26
1125,26
1127,26
1130,26
1136,26
1139,26
1141,26
1143,26
1145,26
1146,26
1149,26
1154,26
1159,26
1160,26
1163,26
1166,26
1169,26
1172,26
1174,26
1183,26
1185,26
1186,26
1187,26
1192,26
1194,26
1197,26
1198,26
1203,26
1204,26
1206,26
1207,26
1211,26
1243,26
1268,26
1284,26
1308,26
1517,26
1532,26
1533,26
1537,26
1541,26
1551,26
1572,26
1575,26
1578,26
1601,26
1602,26
1603,26
1606,26
1610,26
1611,26
1616,26
1618,26
1622,26
1624,26
1626,26
1633,26
1635,26
1637,26
1643,26
1643,26
1644,26
1645,26
1648,26
1651,26
1656,26
1657,26
1662,26
1664,26
1666,26
1667,26
1668,26
1669,26
1670,26
1671,26
1672,26
1678,26
1684,26
1688,26
1689,26
1691,26
1695,26
1734,26
1748,26
1750,26
1764,26
1765,26
1767,26
1768,26
1772,26
1784,26
1787,26
1789,26
1792,26
1795,26
1800,26
1803,26
1804,26
1806,26
1807,26
1808,26
1815,26
1820,26
1827,26
1828,26
1829,26
1836,26
1839,26
1841,26
1842,26
1843,26
1845,26
1846,26
1848,26
1851,26
1853,26
1858,26
1860,26
1861,26
1866,26
1869,26
1874,26
1876,26
1877,26
1878,26
1883,26
1885,26
1887,26
1889,26
1890,26
1891,26
1892,26
1895,26
1908,26
1910,26
1911,26
1912,26
1916,26
1918,26
1922,26
1923,26
1928,26
1931,26
1932,26
1933,26
1934,26
1935,26
1939,26
1940,26
1942,26
1943,26
1946,26
1948,26
1949,26
1953,26
1954,26
1955,26
1957,26
1962,26
1966,26
1968,26
1973,26
1975,26
1977,26
1982,26
1987,26
1990,26
1991,26
1995,26
1997,26
2000,26
2003,26
2004,26
2006,26
2007,26
2008,26
2009,26
2010,26
2011,26
2014,26
2015,26
2018,26
2021,26
2022,26
2026,26
2028,26
2034,26
2035,26
2036,26
2038,26
2039,26
2042,26
2044,26
2046,26
2047,26
2048,26
2051,26
2057,26
2060,26
2061,26
2065,26
2066,26
2067,26
2069,26
2070,26
2077,26
2081,26
2087,26
2089,26
2090,26
2091,26
2092,26
2093,26
2094,26
2095,26
2105,26
2106,26
2110,26
2111,26
2113,26
2115,26
2116,26
2117,26
2119,26
2126,26
2128,26
2133,26
2134,26
2135,26
2136,26
2137,26
2140,26
2142,26
2144,26
2148,26
2151,26
2158,26
2160,26
2161,26
2164,26
2167,26
2168,26
2173,26
2176,26
2178,26
2183,26
2184,26
2186,26
2187,26
2188,26
2190,26
2197,26
2198,26
2199,26
2207,26
2208,26
2210,26
2214,26
2215,26
2217,26
2218,26
2220,26
2224,26
2228,26
2229,26
2237,26
2241,26
2243,26
2248,26
2249,26
2250,26
2253,26
2256,26
2260,26
2262,26
2263,26
2266,26
2270,26
2271,26
2275,26
2278,26
2279,26
2295,26
2301,26
2303,26
2310,26
2312,26
2315,26
2316,26
2317,26
2318,26
2321,26
2322,26
2323,26
2325,26
2328,26
2331,26
2332,26
2333,26
2336,26
2339,26
2342,26
2345,26
2351,26
2352,26
2355,26
2356,26
2358,26
725,27
1982,27
32,28
107,28
129,28
155,28
164,28
167,28
212,28
222,28
234,28
236,28
244,28
255,28
276,28
283,28
293,28
338,28
340,28
399,28
403,28
437,28
447,28
467,28
518,28
556,28
557,28
564,28
566,28
567,28
591,28
625,28
687,28
725,28
764,28
799,28
823,28
828,28
855,28
864,28
893,28
920,28
949,28
954,28
959,28
971,28
979,28
998,28
1007,28
1026,28
1040,28
1060,28
1123,28
1145,28
1147,28
1174,28
1192,28
1285,28
1315,28
1533,28
1602,28
1718,28
1734,28
1787,28
1789,28
1811,28
1842,28
1855,28
1876,28
1887,28
1915,28
1918,28
1945,28
1952,28
1982,28
1995,28
2017,28
2042,28
2151,28
2152,28
2164,28
2184,28
2194,28
2256,28
2310,28
2322,28
2331,28
2366,28
11,30
32,30
72,30
164,30
167,30
179,30
218,30
243,30
259,30
276,30
284,30
301,30
345,30
437,30
446,30
459,30
460,30
464,30
481,30
525,30
552,30
556,30
559,30
566,30
567,30
574,30
658,30
700,30
701,30
725,30
754,30
793,30
823,30
828,30
910,30
974,30
1105,30
1129,30
1145,30
1174,30
1181,30
1183,30
1187,30
1535,30
1573,30
1637,30
1678,30
1768,30
1806,30
1843,30
1860,30
1869,30
1946,30
1982,30
1995,30
2012,30
2060,30
2095,30
2164,30
2167,30
2190,30
2210,30
2218,30
2241,30
2321,30
2329,30
2359,30
2362,30
32,31
72,31
78,31
107,31
115,31
131,31
134,31
145,31
155,31
159,31
164,31
174,31
212,31
213,31
218,31
244,31
261,31
267,31
276,31
293,31
299,31
300,31
301,31
304,31
316,31
324,31
326,31
327,31
338,31
342,31
348,31
368,31
394,31
400,31
401,31
405,31
407,31
414,31
420,31
427,31
431,31
437,31
438,31
446,31
447,31
452,31
456,31
460,31
464,31
470,31
481,31
489,31
520,31
540,31
545,31
549,31
554,31
555,31
556,31
557,31
558,31
560,31
564,31
566,31
567,31
602,31
610,31
624,31
627,31
1,31
658,31
671,31
681,31
725,31
726,31
747,31
749,31
754,31
760,31
764,31
768,31
772,31
787,31
795,31
818,31
823,31
828,31
832,31
843,31
849,31
851,31
890,31
905,31
910,31
943,31
954,31
959,31
890,31
962,31
965,31
1001,31
1008,31
1010,31
1022,31
1026,31
1031,31
1038,31
1063,31
1070,31
1072,31
1105,31
1136,31
1145,31
1154,31
1159,31
1160,31
1174,31
1263,31
1335,31
1360,31
1384,31
1487,31
1533,31
1551,31
1606,31
1610,31
1633,31
1637,31
1643,31
1651,31
1656,31
1657,31
1668,31
1669,31
1672,31
1678,31
1684,31
1692,31
1748,31
1761,31
1800,31
1803,31
1804,31
1816,31
1839,31
1842,31
1846,31
1851,31
1860,31
1861,31
1890,31
1892,31
1908,31
1923,31
1932,31
1943,31
1946,31
1949,31
1975,31
1982,31
1995,31
1997,31
2011,31
2012,31
2015,31
2042,31
2044,31
2046,31
2048,31
2051,31
2057,31
2067,31
2069,31
2070,31
2081,31
2093,31
2115,31
2128,31
2140,31
2151,31
2161,31
2167,31
2172,31
2176,31
2184,31
2197,31
2210,31
2214,31
2228,31
2256,31
2321,31
2328,31
2332,31
2333,31
2336,31
2339,31
2340,31
2356,31
566,32
2011,32
6,33
11,33
25,33
31,33
32,33
33,33
35,33
41,33
44,33
54,33
67,33
72,33
74,33
86,33
91,33
93,33
103,33
107,33
110,33
112,33
131,33
134,33
137,33
145,33
152,33
155,33
161,33
164,33
166,33
185,33
186,33
189,33
199,33
205,33
209,33
213,33
217,33
218,33
220,33
243,33
244,33
259,33
261,33
267,33
271,33
272,33
276,33
279,33
280,33
293,33
299,33
301,33
302,33
305,33
327,33
337,33
340,33
349,33
358,33
360,33
368,33
385,33
387,33
389,33
396,33
400,33
404,33
413,33
420,33
430,33
432,33
437,33
438,33
446,33
447,33
449,33
451,33
453,33
458,33
460,33
464,33
468,33
490,33
501,33
504,33
507,33
510,33
517,33
525,33
526,33
527,33
528,33
534,33
539,33
540,33
554,33
555,33
556,33
557,33
560,33
563,33
564,33
565,33
566,33
567,33
568,33
596,33
599,33
602,33
608,33
610,33
621,33
626,33
627,33
1,33
645,33
646,33
647,33
649,33
652,33
655,33
656,33
663,33
666,33
671,33
679,33
709,33
710,33
721,33
725,33
726,33
729,33
733,33
740,33
751,33
754,33
757,33
764,33
787,33
789,33
800,33
807,33
811,33
817,33
818,33
823,33
829,33
833,33
837,33
838,33
841,33
843,33
844,33
845,33
855,33
871,33
890,33
902,33
906,33
910,33
923,33
935,33
944,33
949,33
953,33
954,33
958,33
959,33
961,33
972,33
974,33
987,33
994,33
1002,33
1003,33
1008,33
1010,33
1013,33
1015,33
1022,33
1039,33
1049,33
1063,33
1069,33
1078,33
1079,33
1086,33
1097,33
1118,33
1127,33
1130,33
1145,33
1148,33
1149,33
1155,33
1159,33
1160,33
1162,33
1163,33
1169,33
1174,33
1180,33
1186,33
1205,33
1211,33
1213,33
1221,33
1257,33
1308,33
1317,33
1329,33
1376,33
1383,33
1425,33
1433,33
1511,33
1514,33
1528,33
1551,33
1575,33
1576,33
1602,33
1606,33
1610,33
1612,33
1633,33
1634,33
1637,33
1655,33
1662,33
1663,33
1669,33
1676,33
1678,33
1689,33
1693,33
1696,33
1707,33
1712,33
1727,33
1729,33
1741,33
1742,33
1748,33
1766,33
1768,33
1787,33
1806,33
1840,33
1843,33
1861,33
1864,33
1865,33
1867,33
1876,33
1890,33
1902,33
1903,33
1910,33
1911,33
1915,33
1931,33
1932,33
1936,33
1939,33
1946,33
1948,33
1961,33
1973,33
1977,33
1980,33
1982,33
1993,33
1995,33
2001,33
2002,33
2003,33
2010,33
2012,33
2030,33
2031,33
2034,33
2036,33
2042,33
2043,33
2048,33
2059,33
2066,33
2067,33
2074,33
2089,33
2091,33
2093,33
2099,33
2105,33
2113,33
2116,33
2119,33
2134,33
2138,33
2143,33
2144,33
2151,33
2154,33
2167,33
2170,33
2172,33
2181,33
2184,33
2185,33
2188,33
2190,33
2203,33
2204,33
2210,33
2217,33
2241,33
2242,33
2250,33
2253,33
2256,33
2262,33
2263,33
2272,33
2318,33
2319,33
2321,33
2322,33
2324,33
2339,33
2344,33
2357,33
2,34
32,34
62,34
68,34
79,34
107,34
109,34
110,34
156,34
164,34
179,34
202,34
232,34
268,34
269,34
311,34
498,34
519,34
557,34
566,34
583,34
584,34
585,34
603,34
632,34
639,34
678,34
695,34
696,34
733,34
735,34
736,34
755,34
764,34
771,34
777,34
778,34
787,34
791,34
806,34
909,34
919,34
936,34
1040,34
1046,34
1048,34
1092,34
1093,34
1118,34
1174,34
1549,34
1663,34
1761,34
1770,34
1773,34
1832,34
1969,34
1974,34
2022,34
2066,34
2101,34
2122,34
2131,34
2164,34
2233,34
32,35
164,35
447,35
481,35
545,35
552,35
554,35
556,35
557,35
566,35
567,35
652,35
725,35
823,35
1982,35
2011,35
2067,35
2210,35
2256,35
23,36
32,36
39,36
107,36
110,36
164,36
212,36
213,36
215,36
296,36
311,36
437,36
438,36
446,36
464,36
499,36
510,36
520,36
555,36
557,36
564,36
566,36
567,36
610,36
627,36
701,36
725,36
764,36
787,36
791,36
823,36
910,36
1036,36
1145,36
1165,36
1174,36
1533,36
1602,36
1648,36
1789,36
1806,36
1843,36
1848,36
1871,36
1891,36
1910,36
1918,36
1946,36
1975,36
1982,36
1995,36
2067,36
1861,36
2151,36
2164,36
2218,36
2256,36
2269,36
2310,36
2321,36
2,37
21,37
32,37
53,37
60,37
62,37
68,37
72,37
79,37
80,37
89,37
107,37
110,37
118,37
121,37
126,37
155,37
158,37
164,37
179,37
199,37
200,37
203,37
205,37
206,37
212,37
213,37
222,37
230,37
232,37
243,37
244,37
267,37
268,37
269,37
293,37
299,37
311,37
336,37
340,37
362,37
396,37
408,37
409,37
415,37
420,37
423,37
430,37
437,37
446,37
447,37
464,37
469,37
481,37
498,37
499,37
517,37
518,37
519,37
520,37
524,37
526,37
533,37
543,37
545,37
552,37
555,37
556,37
557,37
558,37
561,37
563,37
564,37
566,37
567,37
574,37
583,37
584,37
585,37
591,37
603,37
627,37
632,37
639,37
645,37
652,37
666,37
699,37
700,37
701,37
710,37
725,37
733,37
755,37
758,37
764,37
771,37
773,37
778,37
782,37
787,37
791,37
793,37
799,37
804,37
806,37
813,37
823,37
836,37
847,37
855,37
857,37
871,37
903,37
909,37
910,37
917,37
936,37
948,37
959,37
960,37
890,37
977,37
989,37
1011,37
1023,37
1031,37
1036,37
1040,37
1048,37
1052,37
1057,37
1062,37
1065,37
1069,37
1089,37
1091,37
1092,37
1093,37
1118,37
1126,37
1145,37
1146,37
1160,37
1174,37
1202,37
1211,37
1533,37
1547,37
1549,37
1573,37
1601,37
1602,37
1609,37
1610,37
1641,37
1648,37
1663,37
1761,37
1787,37
1806,37
1829,37
1832,37
1843,37
1848,37
1860,37
1871,37
1876,37
1890,37
1892,37
1903,37
1904,37
1914,37
1923,37
1925,37
1946,37
1949,37
1961,37
1969,37
1973,37
1974,37
1982,37
1991,37
1995,37
1997,37
2022,37
2036,37
2048,37
2063,37
2066,37
2067,37
2093,37
2101,37
2122,37
2127,37
2128,37
2131,37
2140,37
2151,37
2161,37
2164,37
2167,37
2185,37
2190,37
2210,37
2221,37
2233,37
2267,37
2269,37
2312,37
2321,37
2328,37
2350,37
2362,37
2363,37
2,38
7,38
23,38
32,38
36,38
52,38
53,38
60,38
62,38
63,38
72,38
74,38
80,38
89,38
90,38
91,38
93,38
94,38
101,38
102,38
103,38
107,38
109,38
110,38
115,38
118,38
121,38
122,38
126,38
131,38
133,38
141,38
142,38
145,38
146,38
148,38
149,38
154,38
155,38
158,38
159,38
160,38
164,38
166,38
172,38
176,38
178,38
179,38
181,38
199,38
203,38
205,38
206,38
209,38
212,38
213,38
217,38
218,38
222,38
223,38
230,38
243,38
244,38
245,38
247,38
254,38
259,38
263,38
264,38
265,38
267,38
271,38
274,38
281,38
287,38
291,38
293,38
296,38
297,38
301,38
305,38
311,38
312,38
315,38
318,38
319,38
324,38
326,38
327,38
329,38
336,38
340,38
354,38
358,38
368,38
376,38
377,38
382,38
385,38
386,38
389,38
395,38
400,38
401,38
419,38
420,38
423,38
428,38
430,38
437,38
438,38
441,38
443,38
447,38
457,38
460,38
464,38
465,38
480,38
481,38
497,38
499,38
500,38
504,38
512,38
517,38
518,38
520,38
524,38
532,38
538,38
540,38
541,38
545,38
550,38
556,38
557,38
563,38
564,38
566,38
567,38
589,38
591,38
595,38
610,38
622,38
625,38
627,38
1,38
638,38
645,38
646,38
649,38
652,38
666,38
681,38
682,38
684,38
685,38
692,38
701,38
703,38
711,38
716,38
720,38
725,38
737,38
743,38
747,38
749,38
750,38
764,38
768,38
770,38
774,38
787,38
789,38
790,38
791,38
793,38
794,38
797,38
799,38
810,38
811,38
819,38
821,38
822,38
823,38
824,38
828,38
829,38
833,38
836,38
837,38
839,38
840,38
844,38
845,38
855,38
862,38
866,38
867,38
869,38
875,38
876,38
878,38
882,38
887,38
890,38
893,38
897,38
899,38
900,38
901,38
904,38
910,38
916,38
924,38
930,38
933,38
939,38
941,38
942,38
944,38
948,38
952,38
953,38
954,38
959,38
960,38
890,38
961,38
965,38
966,38
974,38
976,38
978,38
979,38
980,38
984,38
993,38
994,38
998,38
1003,38
1004,38
1008,38
1010,38
1011,38
1020,38
1022,38
1023,38
1026,38
1029,38
1030,38
1031,38
1040,38
1047,38
1052,38
1063,38
1065,38
1066,38
1069,38
1074,38
1078,38
1079,38
1097,38
1104,38
1108,38
1110,38
1111,38
1118,38
1122,38
1123,38
1125,38
1127,38
1134,38
1136,38
1138,38
1140,38
1141,38
1144,38
1145,38
1148,38
1155,38
1160,38
1162,38
1169,38
1172,38
1174,38
1175,38
1176,38
1177,38
1178,38
1187,38
1188,38
1194,38
1199,38
1202,38
1211,38
1532,38
1533,38
1547,38
1573,38
1602,38
1605,38
1609,38
1610,38
1626,38
1627,38
1629,38
1631,38
1632,38
1633,38
1634,38
1648,38
1653,38
1656,38
1657,38
1659,38
1662,38
1669,38
1670,38
1761,38
1764,38
1765,38
1766,38
1768,38
1780,38
1781,38
1787,38
1789,38
1805,38
1807,38
1809,38
1826,38
1828,38
1829,38
1839,38
1840,38
1842,38
1843,38
1849,38
1858,38
1860,38
1863,38
1867,38
1869,38
1875,38
1876,38
1877,38
1878,38
1882,38
1890,38
1891,38
1893,38
1901,38
1903,38
1904,38
1910,38
1911,38
1915,38
1918,38
1922,38
1923,38
1925,38
1928,38
1932,38
1935,38
1938,38
1943,38
1946,38
1948,38
1949,38
1952,38
1955,38
1956,38
1958,38
1961,38
1968,38
1970,38
1973,38
1978,38
1982,38
1984,38
1985,38
1988,38
1995,38
2008,38
2010,38
2014,38
2016,38
2018,38
2022,38
2034,38
2036,38
2039,38
2041,38
2048,38
2049,38
2051,38
2058,38
2059,38
2060,38
2066,38
2067,38
2069,38
2070,38
2078,38
2091,38
2093,38
2095,38
2100,38
2104,38
2111,38
2112,38
2124,38
2126,38
2127,38
2128,38
2130,38
2135,38
2137,38
2141,38
2151,38
2153,38
2161,38
2164,38
2165,38
2167,38
2174,38
2181,38
2182,38
2183,38
2184,38
2185,38
2186,38
2187,38
2190,38
2193,38
2195,38
2198,38
2201,38
2206,38
2207,38
2210,38
2212,38
2216,38
2218,38
2222,38
2234,38
2240,38
2241,38
2243,38
2248,38
2252,38
2255,38
2256,38
2259,38
2262,38
2263,38
2265,38
2266,38
2267,38
2275,38
2276,38
2278,38
2296,38
2299,38
2302,38
2310,38
2312,38
2317,38
2321,38
2322,38
2325,38
2328,38
2329,38
2334,38
2339,38
2340,38
2343,38
2350,38
2353,38
2361,38
2363,38
2364,38
2367,38
